title,score,subreddit,polarity,subjectivity,sentiment,url
Polarité moyenne : 0.09,,,0.08647348484848484,,positif,
How the hell is Pizza Hut still in business?,1004,mildlyinfuriating,0.0,0.0,neutre,https://www.reddit.com/gallery/1ntw4pu
What went wrong with Pizza Hut?,445,unitedkingdom,-0.5,0.9,négatif,https://www.bbc.co.uk/news/articles/cn97vdpv13wo
Pizza Hut left their call guide on the counter,9560,mildlyinteresting,0.0,0.0,neutre,https://i.redd.it/78eomg8vioxe1.jpeg
"Yum Brands to review strategic options for Pizza Hut, opening the door to a sale",645,wallstreetbets,0.0,0.0,neutre,https://www.cnbc.com/2025/11/04/yum-brands-pizza-hut-strategic-options-sale.html
Pizza Hut to close 68 restaurants after UK owner falls into administration,774,unitedkingdom,0.0,0.0,neutre,https://www.theguardian.com/business/2025/oct/20/pizza-hut-to-close-68-restaurants-after-uk-owner-falls-into-administration
Yum Brands exploring potential sale of Pizza Hut,250,fastfood,0.0,1.0,neutre,https://www.nrn.com/restaurant-finance/yum-brands-exploring-potential-sale-of-pizza-hut
What makes Pizza Hut's Pan Pizza so freaking good?!?,900,pizzahut,0.875,0.6000000000000001,positif,https://i.redd.it/kpml6w8hkqte1.png
Remember when pizza hut was good?,3916,nostalgia,0.7,0.6000000000000001,positif,https://i.redd.it/5iw93r6tevic1.jpeg
Pizza Hut does not taste the same,1234,Millennials,0.0,0.125,neutre,https://i.redd.it/cybf5ttajhwf1.png
Yum! Brands strategic review of Pizza Hut. Could they sell it and buy Wendy’s instead?,16,stocks,0.0,0.0,neutre,https://www.reddit.com/r/stocks/comments/1oo8qx2/yum_brands_strategic_review_of_pizza_hut_could/
"A MAGA woman at a Pizza Hut in Gladstone, MO, tried to call ICE on a couple waiting for their food, telling them it’s “English only” in the U.S. She declared, “English is the capital of America,” and ordered them to “self deport back to Puerto Rico.” “I am not racist, I am standing up for America”",49502,CringeTikToks,0.0,0.25,neutre,https://v.redd.it/s7345vgzogwf1
Remember when Pizza Hut had a buffet. Good times.,53847,nostalgia,0.7,0.6000000000000001,positif,https://i.redd.it/egmqtx7ub68f1.jpeg
My Grandpa lives in a small town with a Pizza Hut that is seemingly untouched by time.,53361,nostalgia,-0.25,0.4,négatif,https://i.redd.it/8q62zhdly4ef1.jpeg
New and old Pizza Hut next to each other,5877,mildlyinteresting,0.02784090909090909,0.25738636363636364,neutre,https://i.redd.it/kcmajh2p570g1.jpeg
If you say you don't miss the old Pizza Hut you are lying,7101,FuckImOld,0.1,0.2,neutre,https://i.redd.it/jzj1419oaqof1.jpeg
Pizza hut tripping,17145,doordash_drivers,0.0,0.0,neutre,https://i.redd.it/w5eozffl98be1.jpeg
Pizza hut,16201,shitposting,0.0,0.0,neutre,https://i.redd.it/oizikbnvlcgf1.png
Saw this at a Pizza Hut a few days ago.,4341,antiwork,-0.2,0.1,négatif,https://i.redd.it/8wydm7zgfvjf1.jpeg
"A MAGA woman at a Pizza Hut in Gladstone, MO, tried to call ICE on a couple waiting for their food, telling them it’s “English only” in the U.S.",2041,missouri,0.0,0.5,neutre,https://v.redd.it/s7345vgzogwf1
This is what ordering Pizza Hut online looked like in 1994,8449,interestingasfuck,0.0,0.0,neutre,https://i.redd.it/545i68q9zzwf1.jpeg
Pizza Hut is opening an NYC restaurant for 1,23726,nottheonion,0.0,0.0,neutre,https://www.nbcnewyork.com/queens/pizza-hut-nyc-single-person-restaurant/5897165/
"Stopped by a Pizza Hut Classic in Onley, Virginia!",13077,nostalgia,0.20833333333333331,0.16666666666666666,positif,https://www.reddit.com/gallery/1kjntdt
Pizza Hut cut my pizza into 15 slices,6934,mildlyinteresting,0.0,0.0,neutre,https://i.redd.it/fxhqtyqc7xqe1.jpeg
What should his name be? I found him in the garbage in front of my job (pizza hut),10944,NameMyCat,0.0,0.0,neutre,https://i.redd.it/1sl3zzb6j2ld1.jpeg
"Pizza hut has filled me with mild rage, look at these pizzas man",2928,mildlyinfuriating,0.3666666666666667,0.7,positif,https://www.reddit.com/gallery/1n173zm
The unholy fusion that was the KFC-Taco Bell-Pizza Hut,7106,nostalgia,0.0,0.0,neutre,https://i.redd.it/6g1m6vvvjhqe1.jpeg
This Pizza Hut I saw in China,6668,notinteresting,0.0,0.0,neutre,https://i.redd.it/txj2vswfpukf1.jpeg
My hotel has a pizza hut in the basement.,8960,mildlyinteresting,0.0,0.0,neutre,https://i.redd.it/dc42ez59rhcf1.jpeg
Remember when Pizza Hut had a buffet. Good times.,3844,nostalgia,0.7,0.6000000000000001,positif,https://i.redd.it/gca787rz6msf1.jpeg
Decided to order delivery from Pizza Hut for the first time in a long time. This is what came.,11830,mildlyinfuriating,0.1,0.3666666666666667,neutre,https://i.redd.it/xcgcqm2c3ogc1.jpeg
"TIL about ""salad stacking,"" a fad where Chinese Pizza Hut customers built towering salads to bypass the ""one trip, one bowl"" rule, even sharing tips to maximize height.",9049,todayilearned,0.0,0.0,neutre,https://kotaku.com/how-chinese-ingenuity-destroyed-salad-bars-at-pizza-hut-834835079
My local Pizza Hut hasn’t changed since the 80’s,66479,mildlyinteresting,0.0,0.0,neutre,https://i.redd.it/ihl1u0odr84b1.jpg
Just ordered from Pizza Hut,6905,mildlyinfuriating,0.0,0.0,neutre,https://www.reddit.com/gallery/1ezw5hf
"…next to a Pizza Hut, next to a Starbucks!",4229,BillBurr,0.0,0.0,neutre,https://i.redd.it/r113u7v8vauf1.jpeg
Classic Pizza Hut in Bryson City NC,22792,Damnthatsinteresting,0.16666666666666666,0.16666666666666666,positif,https://www.reddit.com/gallery/18b0f7s
Pizza hut employee tried to get me,4995,tipping,0.0,0.0,neutre,https://www.reddit.com/r/tipping/comments/1gea4x6/pizza_hut_employee_tried_to_get_me/
Remember when pizza hut was good and affordable?,4913,nostalgia,0.7,0.6000000000000001,positif,https://www.reddit.com/gallery/1f698qv
Getting Pizza Hut,27583,MadeMeSmile,0.0,0.0,neutre,https://v.redd.it/gg04ulr6rbqc1
Pizza Hut on 393 Yonge Street is claiming they couldn't find a restaurant manager for $36.10/hr. They've applied for a LMIA to hire a temporary foreign worker for the position.,1805,barrie,-0.125,0.125,négatif,https://i.redd.it/6rhffuialcsf1.png
Pizza Hut delivery driver got $20 tip on a $938 order.,34803,antiwork,0.0,0.0,neutre,https://www.reddit.com/r/antiwork/comments/vm1sw1/pizza_hut_delivery_driver_got_20_tip_on_a_938/
Dressed as classic Pizza Hut,15772,nostalgia,0.16666666666666666,0.16666666666666666,positif,https://www.reddit.com/gallery/1g71x7b
Pizza the Hut 2024 ,7472,johnoliver,0.0,0.0,neutre,https://i.redd.it/0z3fdojlhhkd1.jpeg
"You just ordered Pizza Hut and 2L of Mountain Dew. You've loaded WoW on your crappy PC. Somehow, your dwarf warr reached level 40 and it's time to continue exploring Hillsbrad Foothills. Your parents don't mind you staying up all night. A perfect summer night. You are 30 years old. The year is 2024.",9129,classicwow,0.4000000000000001,0.7333333333333334,positif,https://i.redd.it/83td46eknujd1.png
The Pizza Hut in my hometown looks unchanged from the 1980s when I first came here.,44357,mildlyinteresting,0.25,0.3333333333333333,positif,https://i.redd.it/yr68nnf30tv91.jpg
when Pizza Hut had a buffet.,4061,nostalgia,0.0,0.0,neutre,https://i.redd.it/u1g97f1i41jf1.jpeg
"Pizza Hut, Papa John’s and Domino’s all have a store next to each other in Wokingham England",29185,mildlyinteresting,-0.0625,0.1875,neutre,https://i.redd.it/h8z212oxg0o91.jpg
Pizza Hut keeps hanging up when I call,2242,mildlyinfuriating,0.0,0.0,neutre,https://i.redd.it/wwung953pwff1.jpeg
What About Pizza Hut Are You The Most Nostalgic For?,4936,nostalgia,0.0,0.75,neutre,https://www.reddit.com/gallery/188uo0q
Moldy Pasta From Pizza Hut,6411,mildlyinfuriating,0.0,0.0,neutre,https://www.reddit.com/gallery/1dhpejn
Used to be a Pizza Hut,32000,clevercomebacks,0.0,0.0,neutre,https://i.redd.it/f4r1sce6yfia1.jpg
